<Backups xmlns="http://www.microsoft.com/GroupPolicy/GPOOperations/Manifest" xmlns:mfst="http://www.microsoft.com/GroupPolicy/GPOOperations/Manifest" mfst:version="1.0"><BackupInst><GPOGuid><![CDATA[{1E897563-E74C-4176-B9CA-49EF04288B02}]]></GPOGuid><GPODomain><![CDATA[security.local]]></GPODomain><GPODomainGuid><![CDATA[{2b127034-e676-4f54-b03a-e700e3004cb0}]]></GPODomainGuid><GPODomainController><![CDATA[GPOSrv2016.security.local]]></GPODomainController><BackupTime><![CDATA[2023-09-11T15:00:55]]></BackupTime><ID><![CDATA[{44E9EB9D-6992-4A09-95A9-F253C64C5B68}]]></ID><Comment><![CDATA[]]></Comment><GPODisplayName><![CDATA[Local Policy DoD Windows 10 STIG User v2r8]]></GPODisplayName></BackupInst><BackupInst><GPOGuid><![CDATA[{F5DE8671-B061-46C3-82B4-4CDFAD9A158A}]]></GPOGuid><GPODomain><![CDATA[security.local]]></GPODomain><GPODomainGuid><![CDATA[{2b127034-e676-4f54-b03a-e700e3004cb0}]]></GPODomainGuid><GPODomainController><![CDATA[GPOSrv2016.security.local]]></GPODomainController><BackupTime><![CDATA[2023-09-11T15:00:54]]></BackupTime><ID><![CDATA[{CC9395EB-BA29-4BE2-986F-5BC6DEF900A3}]]></ID><Comment><![CDATA[]]></Comment><GPODisplayName><![CDATA[Local Policy DoD Windows 10 STIG Comp v2r8]]></GPODisplayName></BackupInst></Backups>