<Backups xmlns="http://www.microsoft.com/GroupPolicy/GPOOperations/Manifest" xmlns:mfst="http://www.microsoft.com/GroupPolicy/GPOOperations/Manifest" mfst:version="1.0"><BackupInst><GPOGuid><![CDATA[{C4A76C3B-2EAE-45A5-9010-37F6146F4CDA}]]></GPOGuid><GPODomain><![CDATA[security.local]]></GPODomain><GPODomainGuid><![CDATA[{2b127034-e676-4f54-b03a-e700e3004cb0}]]></GPODomainGuid><GPODomainController><![CDATA[GPOSrv2016.security.local]]></GPODomainController><BackupTime><![CDATA[2023-03-06T13:25:19]]></BackupTime><ID><![CDATA[{843FA335-CE04-4647-9118-C4BB301D7F3A}]]></ID><Comment><![CDATA[]]></Comment><GPODisplayName><![CDATA[DoD Internet Explorer 11 STIG User v2r4]]></GPODisplayName></BackupInst><BackupInst><GPOGuid><![CDATA[{774A6B34-3A95-4471-94D0-12A8C81E4C03}]]></GPOGuid><GPODomain><![CDATA[security.local]]></GPODomain><GPODomainGuid><![CDATA[{2b127034-e676-4f54-b03a-e700e3004cb0}]]></GPODomainGuid><GPODomainController><![CDATA[GPOSrv2016.security.local]]></GPODomainController><BackupTime><![CDATA[2023-03-06T13:25:17]]></BackupTime><ID><![CDATA[{932CA0DB-0AC9-413F-8EE3-9ACB5D15C4DD}]]></ID><Comment><![CDATA[]]></Comment><GPODisplayName><![CDATA[DoD Internet Explorer 11 STIG Computer v2r4]]></GPODisplayName></BackupInst></Backups>