<Backups xmlns="http://www.microsoft.com/GroupPolicy/GPOOperations/Manifest" xmlns:mfst="http://www.microsoft.com/GroupPolicy/GPOOperations/Manifest" mfst:version="1.0"><BackupInst><GPOGuid><![CDATA[{B4FB1503-1FDD-4677-883A-61668DEF6644}]]></GPOGuid><GPODomain><![CDATA[security.local]]></GPODomain><GPODomainGuid><![CDATA[{2b127034-e676-4f54-b03a-e700e3004cb0}]]></GPODomainGuid><GPODomainController><![CDATA[GPOSrv2016.security.local]]></GPODomainController><BackupTime><![CDATA[2023-09-11T15:22:14]]></BackupTime><ID><![CDATA[{F4805814-7EE3-4E66-B33C-45F13B557FAB}]]></ID><Comment><![CDATA[]]></Comment><GPODisplayName><![CDATA[Local Policy DoD WinSvr 2016 MS STIG User v2r7]]></GPODisplayName></BackupInst><BackupInst><GPOGuid><![CDATA[{59E2E8DB-C459-4DB5-A549-E19AE1A384DE}]]></GPOGuid><GPODomain><![CDATA[security.local]]></GPODomain><GPODomainGuid><![CDATA[{2b127034-e676-4f54-b03a-e700e3004cb0}]]></GPODomainGuid><GPODomainController><![CDATA[GPOSrv2016.security.local]]></GPODomainController><BackupTime><![CDATA[2023-09-11T15:22:13]]></BackupTime><ID><![CDATA[{37239AFC-EA8B-462E-8BD4-64DECC854CD3}]]></ID><Comment><![CDATA[]]></Comment><GPODisplayName><![CDATA[Local Policy DoD WinSvr 2016 MS STIG Comp v2r7]]></GPODisplayName></BackupInst></Backups>