<BackupInst xmlns="http://www.microsoft.com/GroupPolicy/GPOOperations/Manifest"><GPOGuid><![CDATA[{48848D64-AE14-43C0-91BE-D95FE8D473E0}]]></GPOGuid><GPODomain><![CDATA[security.local]]></GPODomain><GPODomainGuid><![CDATA[{2b127034-e676-4f54-b03a-e700e3004cb0}]]></GPODomainGuid><GPODomainController><![CDATA[GPOSrv2016.security.local]]></GPODomainController><BackupTime><![CDATA[2023-06-26T21:09:43]]></BackupTime><ID><![CDATA[{1A04C73B-CA54-45C6-AFE9-0BDC0FFCC0AA}]]></ID><Comment><![CDATA[]]></Comment><GPODisplayName><![CDATA[DoD OneDrive for Business 2016 STIG Computer v2r3]]></GPODisplayName></BackupInst>
