<BackupInst xmlns="http://www.microsoft.com/GroupPolicy/GPOOperations/Manifest"><GPOGuid><![CDATA[{0D2312ED-AC49-4973-ABCE-CE5AA9CC6DA2}]]></GPOGuid><GPODomain><![CDATA[security.local]]></GPODomain><GPODomainGuid><![CDATA[{2b127034-e676-4f54-b03a-e700e3004cb0}]]></GPODomainGuid><GPODomainController><![CDATA[GPOSrv2016.security.local]]></GPODomainController><BackupTime><![CDATA[2023-09-11T15:22:12]]></BackupTime><ID><![CDATA[{5BFE3D32-1D69-4690-89AB-A47EB67CB5AB}]]></ID><Comment><![CDATA[]]></Comment><GPODisplayName><![CDATA[DoD WinSvr 2016 MS STIG User v2r7]]></GPODisplayName></BackupInst>
