<Backups xmlns="http://www.microsoft.com/GroupPolicy/GPOOperations/Manifest" xmlns:mfst="http://www.microsoft.com/GroupPolicy/GPOOperations/Manifest" mfst:version="1.0"><BackupInst><GPOGuid><![CDATA[{91C69062-1719-4791-96F3-BACB6015D56E}]]></GPOGuid><GPODomain><![CDATA[security.local]]></GPODomain><GPODomainGuid><![CDATA[{2b127034-e676-4f54-b03a-e700e3004cb0}]]></GPODomainGuid><GPODomainController><![CDATA[GPOSrv2016.security.local]]></GPODomainController><BackupTime><![CDATA[2023-06-26T21:02:04]]></BackupTime><ID><![CDATA[{7121E30A-6426-45FA-9DA0-3C60AA4C130A}]]></ID><Comment><![CDATA[]]></Comment><GPODisplayName><![CDATA[DoD Microsoft Edge STIG Computer v1r7]]></GPODisplayName></BackupInst></Backups>