GPOName,Path
DoD Windows 10 STIG Computer v2r8,C:\Oct 23 DISA STIG GPO Package 1001\DoD Windows 10 v2r8\GPOs
DoD Windows 10 STIG User v2r8,C:\Oct 23 DISA STIG GPO Package 1001\DoD Windows 10 v2r8\GPOs
DoD Windows Defender Firewall STIG v2r2,C:\Oct 23 DISA STIG GPO Package 1001\DoD Windows Defender Firewall v2r2\GPOs
DoD WinSvr 2012 R2 DC STIG Comp v3r7,C:\Oct 23 DISA STIG GPO Package 1001\DoD WinSvr 2012 R2 MS and DC v3r7\GPOs
DoD WinSvr 2012 R2 DC STIG Comp v3r7,C:\Oct 23 DISA STIG GPO Package 1001\DoD WinSvr 2012 R2 MS and DC v3r7\GPOs
DoD WinSvr 2012 R2 MS STIG Comp v3r7,C:\Oct 23 DISA STIG GPO Package 1001\DoD WinSvr 2012 R2 MS and DC v3r7\GPOs
DoD WinSvr 2012 R2 MS STIG User v3r7,C:\Oct 23 DISA STIG GPO Package 1001\DoD WinSvr 2012 R2 MS and DC v3r7\GPOs
DoD WinSvr 2016 DC STIG Comp v2r7,C:\Oct 23 DISA STIG GPO Package 1001\DoD WinSvr 2016 MS and DC v2r7\GPOs
DoD WinSvr 2016 DC STIG User v2r7,C:\Oct 23 DISA STIG GPO Package 1001\DoD WinSvr 2016 MS and DC v2r7\GPOs
DoD WinSvr 2016 MS STIG Comp v2r7,C:\Oct 23 DISA STIG GPO Package 1001\DoD WinSvr 2016 MS and DC v2r7\GPOs
DoD WinSvr 2016 MS STIG User v2r7,C:\Oct 23 DISA STIG GPO Package 1001\DoD WinSvr 2016 MS and DC v2r7\GPOs
DoD WinSvr 2019 DC STIG Comp v2r8,C:\Oct 23 DISA STIG GPO Package 1001\DoD WinSvr 2019 MS and DC v2r8\GPOs
DoD WinSvr 2019 DC STIG User v2r8,C:\Oct 23 DISA STIG GPO Package 1001\DoD WinSvr 2019 MS and DC v2r8\GPOs
DoD WinSvr 2019 MS STIG Comp v2r8,C:\Oct 23 DISA STIG GPO Package 1001\DoD WinSvr 2019 MS and DC v2r8\GPOs
DoD WinSvr 2019 MS STIG User v2r8,C:\Oct 23 DISA STIG GPO Package 1001\DoD WinSvr 2019 MS and DC v2r8\GPOs
DoD Windows 11 Computer STIG v1r5,C:\Oct 23 DISA STIG GPO Package 1001\DoD Windows 11 v1r5\GPOs
DoD Windows 11 User STIG v1r5,C:\Oct 23 DISA STIG GPO Package 1001\DoD Windows 11 v1r5\GPOs
DoD WinSvr 2022 MS STIG Comp v1r4,C:\Oct 23 DISA STIG GPO Package 1001\DoD WinSvr 2022 MS and DC v1r4\GPOs
DoD WinSvr 2022 DC STIG Comp v1r4,C:\Oct 23 DISA STIG GPO Package 1001\DoD WinSvr 2022 MS and DC v1r4\GPOs
DoD Office 2019-M365 Apps STIG Comp v2r11,C:\Oct 23 DISA STIG GPO Package 1001\DoD Office 2019-M365 Apps v2r11\GPOs
DoD Office 2019-M365 Apps STIG User v2r11,C:\Oct 23 DISA STIG GPO Package 1001\DoD Office 2019-M365 Apps v2r11\GPOs